Age_Ga,T_C
0,4.59
0.02,9.68
0.04,14.27
0.06,18.6
0.1,20.38
0.13,20.38
0.17,19.62
0.21,20.89
0.24,17.83
0.26,13.5
0.29,8.92
0.31,6.11
0.35,9.68
0.36,14.01
0.38,19.62
0.39,24.71
0.41,29.81
0.42,34.14
0.46,37.2
0.48,34.39
0.5,29.04
0.52,25.48
0.56,21.66
0.59,19.36
0.63,16.56
0.66,14.78
0.7,13.25
0.73,11.97
0.77,11.21
0.8,9.94
0.84,9.17
0.88,9.17
0.92,8.92
0.95,8.41
0.99,7.39
1.02,7.39
1.07,7.39
1.1,7.39
1.15,7.39
1.18,7.39
1.22,7.39
1.25,7.39
1.29,7.39
1.33,7.39
1.37,7.39
1.4,7.39
1.44,8.15
1.48,8.41
1.52,9.17
1.55,9.68
1.59,9.94
1.63,10.45
1.67,10.96
1.7,11.72
1.74,11.97
1.78,12.74
1.82,13.25
1.85,14.01
1.89,14.78
1.92,15.03
1.97,16.31
2,16.56
